Timestamp,Source IP,Destination IP,Packet Size (Bytes),Jitter (ms),Latency (ms),Packet Loss (%),Call Duration (s),SNR,Is,Id,Ie,R-factor
2024-08-08 10:00:00,192.168.1.10,192.168.1.20,146,45,172,0.8689036889765427,1,21.289170850452827,1.303355533464814,0.5,2.2,89.19664446653519
2024-08-08 10:00:01,192.168.1.10,192.168.1.20,159,22,189,0.5073643477462775,1,17.575452519025788,0.7610465216194162,0.0,3.9,88.53895347838058
2024-08-08 10:00:02,192.168.1.10,192.168.1.20,154,38,178,0.8104041735628342,1,16.748936677438362,1.2156062603442512,0.5,2.8,88.68439373965576
2024-08-08 10:00:03,192.168.1.10,192.168.1.20,150,39,176,1.1429460504100213,1,27.992947942900244,1.714419075615032,0.5,2.6,88.38558092438498
2024-08-08 10:00:04,192.168.1.10,192.168.1.20,147,51,222,1.4819477218213366,1,22.151104445871457,2.222921582732005,0.5,7.2,83.277078417268
2024-08-08 10:00:05,192.168.1.10,192.168.1.20,146,26,178,1.5343897062171434,1,14.887063109293091,2.301584559325715,0.0,2.8,88.09841544067429
2024-08-08 10:00:06,192.168.1.10,192.168.1.20,158,60,217,1.6455807037533863,1,19.964953956978803,2.4683710556300795,1.0,6.7,83.03162894436993
2024-08-08 10:00:07,192.168.1.10,192.168.1.20,150,52,214,1.4884233138865959,1,16.60696962561828,2.232634970829894,0.5,6.4,84.0673650291701
2024-08-08 10:00:08,192.168.1.10,192.168.1.20,150,59,249,1.362078854193818,1,28.67383647519749,2.043118281290727,0.5,9.9,80.75688171870927
2024-08-08 10:00:09,192.168.1.10,192.168.1.20,143,58,249,0.47501294258493987,1,10.150687262681494,0.7125194138774098,0.5,9.9,82.08748058612258
2024-08-08 10:00:10,192.168.1.10,192.168.1.20,147,37,221,0.8004457857440497,1,14.506655954250565,1.2006686786160745,0.5,7.1,84.39933132138394
2024-08-08 10:00:11,192.168.1.10,192.168.1.20,142,59,182,0.9554297817604553,1,17.30713639348115,1.4331446726406831,0.5,3.2,88.06685532735932
2024-08-08 10:00:12,192.168.1.10,192.168.1.20,141,20,168,0.16578264338670845,1,19.75619601617476,0.24867396508006268,0.0,1.8,91.15132603491995
2024-08-08 10:00:13,192.168.1.10,192.168.1.20,151,30,171,1.0567402425944183,1,27.016350356722924,1.5851103638916275,0.5,2.1,89.01488963610838
2024-08-08 10:00:14,192.168.1.10,192.168.1.20,145,47,160,0.872671663213112,1,11.757752490802877,1.309007494819668,0.5,1.0,90.39099250518034
2024-08-08 10:00:15,192.168.1.10,192.168.1.20,141,44,217,1.6042184980534682,1,26.11729773482287,2.4063277470802023,0.5,6.7,83.5936722529198
2024-08-08 10:00:16,192.168.1.10,192.168.1.20,140,69,160,1.9558013375085417,1,11.113069787139507,2.9337020062628127,1.0,1.0,88.2662979937372
2024-08-08 10:00:17,192.168.1.10,192.168.1.20,151,42,193,1.112010077285169,1,26.846280705963633,1.6680151159277536,0.5,4.3,86.73198488407225
2024-08-08 10:00:18,192.168.1.10,192.168.1.20,151,50,207,0.6453727765551673,1,11.032709557490257,0.968059164832751,0.5,5.7,86.03194083516725
2024-08-08 10:00:19,192.168.1.10,192.168.1.20,156,49,248,0.08680156659634553,1,10.364849628567221,0.1302023498945183,0.5,9.8,82.76979765010549
2024-08-08 10:00:20,192.168.1.10,192.168.1.20,149,61,160,1.849286660447192,1,23.93922924732843,2.773929990670788,1.0,1.0,88.42607000932921
2024-08-08 10:00:21,192.168.1.10,192.168.1.20,155,54,175,1.8382314305573189,1,29.945110695367887,2.757347145835978,0.5,2.5,87.44265285416402
2024-08-08 10:00:22,192.168.1.10,192.168.1.20,154,26,220,0.5059803359784822,1,27.932205259480416,0.7589705039677234,0.0,7.0,85.44102949603229
2024-08-08 10:00:23,192.168.1.10,192.168.1.20,154,35,223,1.390822246213295,1,21.5199683561132,2.0862333693199426,0.5,7.3,83.31376663068006
2024-08-08 10:00:24,192.168.1.10,192.168.1.20,158,45,222,0.15086909417953853,1,28.347912261710633,0.2263036412693078,0.5,7.2,85.27369635873069
2024-08-08 10:00:25,192.168.1.10,192.168.1.20,151,67,228,0.33243086381850584,1,10.106000127952107,0.49864629572775876,1.0,7.8,83.90135370427225
2024-08-08 10:00:26,192.168.1.10,192.168.1.20,159,68,181,0.43361821317298244,1,29.50134325890285,0.6504273197594737,1.0,3.1,88.44957268024054
2024-08-08 10:00:27,192.168.1.10,192.168.1.20,142,21,226,0.5889878936788597,1,19.814975585175688,0.8834818405182896,0.0,7.6,84.71651815948172
2024-08-08 10:00:28,192.168.1.10,192.168.1.20,144,20,235,1.9916627500587414,1,24.457921932435514,2.987494125088112,0.0,8.5,81.7125058749119
2024-08-08 10:00:29,192.168.1.10,192.168.1.20,158,67,185,1.3938501117276296,1,26.417229463067052,2.0907751675914445,1.0,3.5,86.60922483240856
2024-08-08 10:00:30,192.168.1.10,192.168.1.20,146,31,175,0.7684036627584399,1,24.369145416731072,1.1526054941376598,0.5,2.5,89.04739450586234
2024-08-08 10:00:31,192.168.1.10,192.168.1.20,148,24,210,1.4742014116860385,1,20.70073464089821,2.2113021175290575,0.0,6.0,84.98869788247094
2024-08-08 10:00:32,192.168.1.10,192.168.1.20,146,56,245,1.8305086833382127,1,19.53238968252824,2.745763025007319,0.5,9.5,80.45423697499268
2024-08-08 10:00:33,192.168.1.10,192.168.1.20,157,51,216,1.9174048148156924,1,26.771651174052494,2.8761072222235384,0.5,6.6,83.22389277777647
2024-08-08 10:00:34,192.168.1.10,192.168.1.20,143,28,188,0.11572779551541479,1,14.101551202989182,0.17359169327312218,0.0,3.8,89.22640830672688
2024-08-08 10:00:35,192.168.1.10,192.168.1.20,153,60,237,0.7890435972162597,1,29.359881330084686,1.1835653958243895,1.0,8.7,82.31643460417561
2024-08-08 10:00:36,192.168.1.10,192.168.1.20,157,54,228,0.21351213187176876,1,24.219049576734967,0.32026819780765314,0.5,7.8,84.57973180219236
2024-08-08 10:00:37,192.168.1.10,192.168.1.20,148,38,206,0.6713201295939264,1,13.990138546766396,1.0069801943908896,0.5,5.6,86.09301980560912
2024-08-08 10:00:38,192.168.1.10,192.168.1.20,141,67,221,0.33935980779113106,1,24.72494367396976,0.5090397116866966,1.0,7.1,84.59096028831331
2024-08-08 10:00:39,192.168.1.10,192.168.1.20,159,35,228,1.2936967233374477,1,20.596800463622333,1.9405450850061716,0.5,7.8,82.95945491499383
2024-08-08 10:00:40,192.168.1.10,192.168.1.20,154,22,235,0.7765367679797444,1,24.144601912888888,1.1648051519696165,0.0,8.5,83.53519484803039
2024-08-08 10:00:41,192.168.1.10,192.168.1.20,146,39,175,0.45878949140989933,1,25.355590028856774,0.688184237114849,0.5,2.5,89.51181576288515
2024-08-08 10:00:42,192.168.1.10,192.168.1.20,151,43,249,0.5318758499284779,1,11.745803591793509,0.7978137748927169,0.5,9.9,82.00218622510728
2024-08-08 10:00:43,192.168.1.10,192.168.1.20,147,52,249,0.7206901904105365,1,20.12207912718694,1.0810352856158048,0.5,9.9,81.71896471438419
2024-08-08 10:00:44,192.168.1.10,192.168.1.20,154,43,207,0.5198997257085254,1,28.640286845138682,0.7798495885627881,0.5,5.7,86.22015041143722
2024-08-08 10:00:45,192.168.1.10,192.168.1.20,142,30,244,0.9064816936576621,1,16.412843843190288,1.359722540486493,0.5,9.4,81.94027745951351
2024-08-08 10:00:46,192.168.1.10,192.168.1.20,153,68,198,0.06463190221930093,1,21.877661951157975,0.0969478533289514,1.0,4.8,87.30305214667105
2024-08-08 10:00:47,192.168.1.10,192.168.1.20,156,27,192,0.5595270143378914,1,17.38460963019792,0.8392905215068371,0.0,4.2,88.16070947849316
2024-08-08 10:00:48,192.168.1.10,192.168.1.20,143,55,182,0.8224134417443725,1,19.085359444381993,1.2336201626165586,0.5,3.2,88.26637983738344
2024-08-08 10:00:49,192.168.1.10,192.168.1.20,157,57,169,1.205563764046597,1,20.972062358763065,1.8083456460698955,0.5,1.9,88.9916543539301
2024-08-08 10:00:50,192.168.1.10,192.168.1.20,147,59,228,0.5419152850302598,1,20.978439597779545,0.8128729275453896,0.5,7.8,84.08712707245462
2024-08-08 10:00:51,192.168.1.10,192.168.1.20,143,39,193,0.2663702504474994,1,14.034609246604717,0.3995553756712491,0.5,4.3,88.00044462432875
2024-08-08 10:00:52,192.168.1.10,192.168.1.20,141,54,211,0.1524007591983263,1,23.691430957596666,0.22860113879748944,0.5,6.1,86.37139886120252
2024-08-08 10:00:53,192.168.1.10,192.168.1.20,145,67,169,1.8810636542707668,1,11.757362224853136,2.8215954814061504,1.0,1.9,87.47840451859385
2024-08-08 10:00:54,192.168.1.10,192.168.1.20,149,44,178,0.8332781154769584,1,12.776495468840407,1.2499171732154375,0.5,2.8,88.65008282678457
2024-08-08 10:00:55,192.168.1.10,192.168.1.20,143,54,217,1.1623252423616526,1,10.054217988286593,1.7434878635424789,0.5,6.7,84.25651213645752
2024-08-08 10:00:56,192.168.1.10,192.168.1.20,157,44,160,1.8383531036711191,1,12.333921282833627,2.7575296555066786,0.5,1.0,88.94247034449333
2024-08-08 10:00:57,192.168.1.10,192.168.1.20,151,48,228,0.16549684007061227,1,19.463324021037845,0.2482452601059184,0.5,7.8,84.65175473989409
2024-08-08 10:00:58,192.168.1.10,192.168.1.20,141,37,163,1.7533229718515855,1,22.122037621116775,2.629984457777378,0.5,1.3,88.77001554222262
2024-08-08 10:00:59,192.168.1.10,192.168.1.20,149,65,175,1.10317574508814,1,25.88578899932925,1.6547636176322102,1.0,2.5,88.04523638236779
2024-08-08 10:01:00,192.168.1.10,192.168.1.20,143,37,183,0.3296685222740019,1,12.133985002268721,0.49450278341100284,0.5,3.3,88.905497216589
2024-08-08 10:01:01,192.168.1.10,192.168.1.20,153,21,239,0.8225102331707381,1,27.014549200329093,1.2337653497561072,0.0,8.9,83.06623465024389
2024-08-08 10:01:02,192.168.1.10,192.168.1.20,155,54,161,1.555204567470451,1,24.919490510974363,2.3328068512056768,0.5,1.1,89.26719314879433
2024-08-08 10:01:03,192.168.1.10,192.168.1.20,154,35,191,0.9607401637327093,1,18.170365858718338,1.4411102455990639,0.5,4.1,87.15888975440095
2024-08-08 10:01:04,192.168.1.10,192.168.1.20,147,60,243,1.9705721013310087,1,28.658761341999092,2.9558581519965133,1.0,9.3,79.9441418480035
2024-08-08 10:01:05,192.168.1.10,192.168.1.20,153,55,183,0.7534779398758815,1,29.81858952914781,1.1302169098138224,0.5,3.3,88.26978309018618
2024-08-08 10:01:06,192.168.1.10,192.168.1.20,147,52,171,1.4991565999521441,1,14.100036201064745,2.248734899928216,0.5,2.1,88.3512651000718
2024-08-08 10:01:07,192.168.1.10,192.168.1.20,155,23,209,0.7859788979577182,1,17.584571699276008,1.1789683469365775,0.0,5.9,86.12103165306343
2024-08-08 10:01:08,192.168.1.10,192.168.1.20,152,52,194,1.6583284414130288,1,28.52898847179422,2.4874926621195432,0.5,4.4,85.81250733788045
2024-08-08 10:01:09,192.168.1.10,192.168.1.20,157,33,192,1.1381629383314953,1,24.431931015025544,1.7072444074972428,0.5,4.2,86.79275559250276
2024-08-08 10:01:10,192.168.1.10,192.168.1.20,154,40,192,0.1270236591800027,1,10.961892879281754,0.19053548877000404,0.5,4.2,88.30946451122999
2024-08-08 10:01:11,192.168.1.10,192.168.1.20,152,67,220,0.07364373527198276,1,25.630289635028298,0.11046560290797414,1.0,7.0,85.08953439709202
2024-08-08 10:01:12,192.168.1.10,192.168.1.20,148,39,210,0.2677042376012664,1,26.558817743549838,0.4015563564018996,0.5,6.0,86.2984436435981
2024-08-08 10:01:13,192.168.1.10,192.168.1.20,154,27,202,0.02734392965399457,1,25.01003849530627,0.041015894480991855,0.0,5.2,87.95898410551901
2024-08-08 10:01:14,192.168.1.10,192.168.1.20,152,26,171,0.15071812070492463,1,25.990742618390314,0.22607718105738694,0.0,2.1,90.87392281894262
2024-08-08 10:01:15,192.168.1.10,192.168.1.20,140,22,226,1.383428794337824,1,26.502653533855945,2.075143191506736,0.0,7.6,83.52485680849327
2024-08-08 10:01:16,192.168.1.10,192.168.1.20,146,36,224,1.0686925500589262,1,13.728099735762882,1.6030388250883894,0.5,7.4,83.6969611749116
2024-08-08 10:01:17,192.168.1.10,192.168.1.20,148,52,192,1.4998214989399437,1,14.713834921299995,2.2497322484099156,0.5,4.2,86.25026775159009
2024-08-08 10:01:18,192.168.1.10,192.168.1.20,140,67,199,1.8263315045152857,1,22.675171274403546,2.7394972567729283,1.0,4.9,84.56050274322706
2024-08-08 10:01:19,192.168.1.10,192.168.1.20,151,31,233,1.170299064650944,1,28.15732260925032,1.7554485969764158,0.5,8.3,82.64455140302358
2024-08-08 10:01:20,192.168.1.10,192.168.1.20,147,41,202,1.4522416881436961,1,16.323931645929893,2.1783625322155444,0.5,5.2,85.32163746778446
2024-08-08 10:01:21,192.168.1.10,192.168.1.20,150,41,203,1.5141624040849118,1,21.76613351590113,2.2712436061273675,0.5,5.3,85.12875639387264
2024-08-08 10:01:22,192.168.1.10,192.168.1.20,158,65,188,0.7557010985515729,1,23.659641268342646,1.1335516478273593,1.0,3.8,87.26644835217265
2024-08-08 10:01:23,192.168.1.10,192.168.1.20,156,49,172,0.4821696646592637,1,19.038972025980783,0.7232544969888955,0.5,2.2,89.7767455030111
2024-08-08 10:01:24,192.168.1.10,192.168.1.20,147,57,171,0.4100906570130498,1,24.27564909710652,0.6151359855195747,0.5,2.1,89.98486401448044
2024-08-08 10:01:25,192.168.1.10,192.168.1.20,142,57,205,0.5028848790235969,1,27.99334890584346,0.7543273185353954,0.5,5.5,86.4456726814646
2024-08-08 10:01:26,192.168.1.10,192.168.1.20,142,64,161,0.5494635940518175,1,22.482030883636753,0.8241953910777263,1.0,1.1,90.27580460892229
2024-08-08 10:01:27,192.168.1.10,192.168.1.20,140,27,194,0.4144552980161129,1,20.79562123829266,0.6216829470241694,0.0,4.4,88.17831705297583
2024-08-08 10:01:28,192.168.1.10,192.168.1.20,144,46,246,1.7564413349583845,1,18.77489350776678,2.634662002437577,0.5,9.6,80.46533799756243
2024-08-08 10:01:29,192.168.1.10,192.168.1.20,149,46,240,1.5139982643444574,1,21.549725418122513,2.270997396516686,0.5,9.0,81.42900260348331
2024-08-08 10:01:30,192.168.1.10,192.168.1.20,146,53,249,0.09379293558243984,1,17.107249036367918,0.14068940337365976,0.5,9.9,82.65931059662634
2024-08-08 10:01:31,192.168.1.10,192.168.1.20,148,40,167,0.5373449640506147,1,17.829642204030037,0.8060174460759221,0.5,1.7,90.19398255392407
2024-08-08 10:01:32,192.168.1.10,192.168.1.20,146,49,185,0.04436948406060326,1,20.637149593763482,0.06655422609090489,0.5,3.5,89.1334457739091
2024-08-08 10:01:33,192.168.1.10,192.168.1.20,148,52,233,0.9963303732917859,1,11.332382247816339,1.4944955599376788,0.5,8.3,82.90550444006233
2024-08-08 10:01:34,192.168.1.10,192.168.1.20,147,47,249,0.9524213935780284,1,14.580507818495928,1.4286320903670426,0.5,9.9,81.37136790963295
2024-08-08 10:01:35,192.168.1.10,192.168.1.20,151,66,193,1.6627429801250024,1,20.85698621226818,2.4941144701875038,1.0,4.3,85.40588552981251
2024-08-08 10:01:36,192.168.1.10,192.168.1.20,141,52,166,0.6155544795420989,1,18.63056286272885,0.9233317193131483,0.5,1.6,90.17666828068685
2024-08-08 10:01:37,192.168.1.10,192.168.1.20,140,24,227,1.6327714704261247,1,16.656315718249687,2.449157205639187,0.0,7.7,83.05084279436082
2024-08-08 10:01:38,192.168.1.10,192.168.1.20,155,67,217,1.935947530879646,1,24.61098273618603,2.903921296319469,1.0,6.7,82.59607870368053
2024-08-08 10:01:39,192.168.1.10,192.168.1.20,144,38,234,0.17681644673129315,1,23.87435214806677,0.26522467009693973,0.5,8.4,84.03477532990306
2024-08-08 10:01:40,192.168.1.10,192.168.1.20,142,23,188,1.5836356789392658,1,13.334615199867663,2.3754535184088987,0.0,3.8,87.0245464815911
2024-08-08 10:01:41,192.168.1.10,192.168.1.20,151,54,195,1.1799117942752722,1,27.572582307468764,1.7698676914129083,0.5,4.5,86.43013230858709
2024-08-08 10:01:42,192.168.1.10,192.168.1.20,147,68,248,0.9600919340369503,1,19.908472528079315,1.4401379010554254,1.0,9.8,80.95986209894458
2024-08-08 10:01:43,192.168.1.10,192.168.1.20,142,36,180,0.8410715573301502,1,24.82921822278091,1.2616073359952251,0.5,3.0,88.43839266400478
2024-08-08 10:01:44,192.168.1.10,192.168.1.20,140,63,195,1.569336527888619,1,21.463016985147775,2.3540047918329288,1.0,4.5,85.34599520816707
2024-08-08 10:01:45,192.168.1.10,192.168.1.20,142,47,169,1.2787227139484847,1,29.953852318476866,1.9180840709227271,0.5,1.9,88.88191592907727
2024-08-08 10:01:46,192.168.1.10,192.168.1.20,144,49,232,1.6100893350387238,1,25.048062400776452,2.4151340025580854,0.5,8.2,82.08486599744191
2024-08-08 10:01:47,192.168.1.10,192.168.1.20,154,48,183,1.8063021173532525,1,24.139609224869183,2.7094531760298786,0.5,3.3,86.69054682397012
2024-08-08 10:01:48,192.168.1.10,192.168.1.20,153,65,223,1.234527424194584,1,25.571438781015022,1.851791136291876,1.0,7.3,83.04820886370813
2024-08-08 10:01:49,192.168.1.10,192.168.1.20,142,25,208,1.9609254501847557,1,12.862559710969393,2.9413881752771336,0.0,5.8,84.45861182472287
2024-08-08 10:01:50,192.168.1.10,192.168.1.20,140,54,195,1.2161756990837704,1,14.090891863389265,1.8242635486256558,0.5,4.5,86.37573645137435
2024-08-08 10:01:51,192.168.1.10,192.168.1.20,144,60,241,1.2732886432445651,1,24.281281644472283,1.9099329648668477,1.0,9.1,81.19006703513315
2024-08-08 10:01:52,192.168.1.10,192.168.1.20,153,56,183,1.1096312170844513,1,19.879629742617254,1.6644468256266771,0.5,3.3,87.73555317437332
2024-08-08 10:01:53,192.168.1.10,192.168.1.20,146,43,182,0.18200418210266056,1,25.09270583720233,0.27300627315399084,0.5,3.2,89.226993726846
2024-08-08 10:01:54,192.168.1.10,192.168.1.20,148,48,221,1.4527940653004565,1,12.0583206148829,2.1791910979506848,0.5,7.1,83.42080890204933
2024-08-08 10:01:55,192.168.1.10,192.168.1.20,154,68,196,1.0948926137982231,1,20.729627029691894,1.6423389206973347,1.0,4.6,85.95766107930267
2024-08-08 10:01:56,192.168.1.10,192.168.1.20,154,65,171,0.9018208948322088,1,17.576431311138315,1.3527313422483132,1.0,2.1,88.74726865775169
2024-08-08 10:01:57,192.168.1.10,192.168.1.20,149,50,214,1.820942556806546,1,19.140004385633567,2.731413835209819,0.5,6.4,83.56858616479018
2024-08-08 10:01:58,192.168.1.10,192.168.1.20,152,54,172,0.5959189030839009,1,22.07915744145025,0.8938783546258514,0.5,2.2,89.60612164537415
2024-08-08 10:01:59,192.168.1.10,192.168.1.20,158,52,182,1.0472045520300224,1,20.045766949250602,1.5708068280450336,0.5,3.2,87.92919317195496
2024-08-08 10:02:00,192.168.1.10,192.168.1.20,146,40,248,1.3952837429869267,1,20.797212742256733,2.0929256144803903,0.5,9.8,80.80707438551961
2024-08-08 10:02:01,192.168.1.10,192.168.1.20,156,51,189,1.5929435513477546,1,19.727149639912156,2.3894153270216316,0.5,3.9,86.41058467297836
2024-08-08 10:02:02,192.168.1.10,192.168.1.20,159,42,176,0.9186936158923449,1,18.179103541709864,1.3780404238385173,0.5,2.6,88.7219595761615
2024-08-08 10:02:03,192.168.1.10,192.168.1.20,143,52,221,1.6841828300374193,1,25.4376396119649,2.526274245056129,0.5,7.1,83.07372575494388
2024-08-08 10:02:04,192.168.1.10,192.168.1.20,144,22,243,1.537835482630795,1,10.24406144636089,2.3067532239461923,0.0,9.3,81.59324677605382
2024-08-08 10:02:05,192.168.1.10,192.168.1.20,146,37,248,0.13247195570373171,1,21.96885402410454,0.19870793355559757,0.5,9.8,82.70129206644441
2024-08-08 10:02:06,192.168.1.10,192.168.1.20,152,44,245,0.0917225328092659,1,21.310166946459475,0.13758379921389885,0.5,9.5,83.0624162007861
2024-08-08 10:02:07,192.168.1.10,192.168.1.20,154,61,172,1.2416113688441826,1,24.323581494659045,1.8624170532662738,1.0,2.2,88.13758294673373
2024-08-08 10:02:08,192.168.1.10,192.168.1.20,150,50,218,0.6948268164508284,1,21.980587295546528,1.0422402246762426,0.5,6.8,84.85775977532376
2024-08-08 10:02:09,192.168.1.10,192.168.1.20,143,22,178,0.41826158215702836,1,26.535976556181566,0.6273923732355425,0.0,2.8,89.77260762676447
2024-08-08 10:02:10,192.168.1.10,192.168.1.20,152,59,208,1.1592998689434768,1,29.181495891280555,1.738949803415215,0.5,5.8,85.1610501965848
2024-08-08 10:02:11,192.168.1.10,192.168.1.20,146,65,171,0.6831264209130901,1,16.850485143570868,1.0246896313696352,1.0,2.1,89.07531036863037
2024-08-08 10:02:12,192.168.1.10,192.168.1.20,158,43,220,1.0745268334281401,1,14.54701966059974,1.6117902501422101,0.5,7.0,84.0882097498578
2024-08-08 10:02:13,192.168.1.10,192.168.1.20,141,69,178,0.9202383179671441,1,18.47193724840966,1.380357476950716,1.0,2.8,88.01964252304928
2024-08-08 10:02:14,192.168.1.10,192.168.1.20,149,51,235,1.1695322118983074,1,15.758592329514522,1.7542983178474612,0.5,8.5,82.44570168215255
2024-08-08 10:02:15,192.168.1.10,192.168.1.20,152,66,168,0.8006009778205627,1,22.29900526305309,1.2009014667308442,1.0,1.8,89.19909853326917
2024-08-08 10:02:16,192.168.1.10,192.168.1.20,145,41,230,1.3953351473938636,1,28.237048176859293,2.0930027210907953,0.5,8.0,82.6069972789092
2024-08-08 10:02:17,192.168.1.10,192.168.1.20,151,42,187,0.36013454469859707,1,12.782323882861238,0.5402018170478956,0.5,3.7,88.4597981829521
2024-08-08 10:02:18,192.168.1.10,192.168.1.20,151,21,237,1.393002932454158,1,12.01589206031773,2.089504398681237,0.0,8.7,82.41049560131876
2024-08-08 10:02:19,192.168.1.10,192.168.1.20,159,46,211,0.8233224287150562,1,15.120310637073244,1.2349836430725842,0.5,6.1,85.36501635692743
2024-08-08 10:02:20,192.168.1.10,192.168.1.20,150,61,242,1.7486352097088342,1,24.521911721248017,2.6229528145632512,1.0,9.2,80.37704718543675
2024-08-08 10:02:21,192.168.1.10,192.168.1.20,146,21,175,1.0304721097284217,1,21.85925810517643,1.5457081645926327,0.0,2.5,89.15429183540736
2024-08-08 10:02:22,192.168.1.10,192.168.1.20,140,45,228,1.9462206985402086,1,12.044253284503991,2.9193310478103127,0.5,7.8,81.98066895218969
2024-08-08 10:02:23,192.168.1.10,192.168.1.20,140,36,171,1.2038707910819204,1,28.37501044521493,1.8058061866228807,0.5,2.1,88.79419381337713
2024-08-08 10:02:24,192.168.1.10,192.168.1.20,159,59,184,0.4476981318126412,1,25.801692742481734,0.6715471977189618,0.5,3.4,88.62845280228103
2024-08-08 10:02:25,192.168.1.10,192.168.1.20,152,52,211,1.6435812736888984,1,10.46045209575275,2.4653719105333476,0.5,6.1,84.13462808946666
2024-08-08 10:02:26,192.168.1.10,192.168.1.20,148,28,244,0.6901652556447735,1,23.02734421976492,1.0352478834671603,0.0,9.4,82.76475211653283
2024-08-08 10:02:27,192.168.1.10,192.168.1.20,142,62,212,0.695238428965367,1,25.42493337039476,1.0428576434480505,1.0,6.2,84.95714235655196
2024-08-08 10:02:28,192.168.1.10,192.168.1.20,146,67,182,0.06360936297033026,1,17.48870739440844,0.0954140444554954,1.0,3.2,88.9045859555445
2024-08-08 10:02:29,192.168.1.10,192.168.1.20,145,58,175,1.0974306184148173,1,11.378430787344376,1.646145927622226,0.5,2.5,88.55385407237777
2024-08-08 10:02:30,192.168.1.10,192.168.1.20,147,48,216,1.068847007465046,1,11.546421309775745,1.603270511197569,0.5,6.6,84.49672948880244
2024-08-08 10:02:31,192.168.1.10,192.168.1.20,148,61,198,0.7119829685439722,1,12.08493932103619,1.0679744528159585,1.0,4.8,86.33202554718405
2024-08-08 10:02:32,192.168.1.10,192.168.1.20,144,45,212,1.7884345257918515,1,26.80879263960846,2.682651788687777,0.5,6.2,83.81734821131222
2024-08-08 10:02:33,192.168.1.10,192.168.1.20,140,54,201,0.2574967965992878,1,28.213723965114262,0.3862451948989317,0.5,5.1,87.21375480510108
2024-08-08 10:02:34,192.168.1.10,192.168.1.20,158,69,217,0.6601990266203108,1,12.456215636914676,0.9902985399304662,1.0,6.7,84.50970146006954
2024-08-08 10:02:35,192.168.1.10,192.168.1.20,149,44,198,0.643165529360058,1,14.718120691901625,0.964748294040087,0.5,4.8,86.93525170595991
2024-08-08 10:02:36,192.168.1.10,192.168.1.20,151,43,173,0.18458117245749217,1,13.310410207345795,0.27687175868623826,0.5,2.3,90.12312824131376
2024-08-08 10:02:37,192.168.1.10,192.168.1.20,154,32,164,0.9622907881125864,1,13.726417589882413,1.4434361821688797,0.5,1.4,89.85656381783112
2024-08-08 10:02:38,192.168.1.10,192.168.1.20,148,26,194,1.375569434192166,1,26.749815780049843,2.063354151288249,0.0,4.4,86.73664584871175
2024-08-08 10:02:39,192.168.1.10,192.168.1.20,159,55,246,1.0233140270945225,1,16.64292825309878,1.5349710406417838,0.5,9.6,81.56502895935823
2024-08-08 10:02:40,192.168.1.10,192.168.1.20,156,64,234,0.31395536543238745,1,16.228885280912824,0.47093304814858117,1.0,8.4,83.32906695185142
2024-08-08 10:02:41,192.168.1.10,192.168.1.20,156,39,177,0.7545719304841452,1,14.547912417542253,1.1318578957262178,0.5,2.7,88.86814210427379
2024-08-08 10:02:42,192.168.1.10,192.168.1.20,159,20,235,0.005190048767293121,1,22.157887875885173,0.007785073150939681,0.0,8.5,84.69221492684906
2024-08-08 10:02:43,192.168.1.10,192.168.1.20,151,27,168,1.7366022140711737,1,17.58611396771098,2.6049033211067605,0.0,1.8,88.79509667889324
2024-08-08 10:02:44,192.168.1.10,192.168.1.20,146,65,233,0.16903401536136387,1,24.884993036865776,0.2535510230420458,1.0,8.3,83.64644897695796
2024-08-08 10:02:45,192.168.1.10,192.168.1.20,141,35,217,1.194556164510861,1,14.11159616751275,1.7918342467662915,0.5,6.7,84.20816575323371
2024-08-08 10:02:46,192.168.1.10,192.168.1.20,142,33,176,1.9725139917336303,1,25.755797774289846,2.9587709876004453,0.5,2.6,87.14122901239956
2024-08-08 10:02:47,192.168.1.10,192.168.1.20,156,31,166,1.073181291974665,1,22.07443063460278,1.6097719379619977,0.5,1.6,89.49022806203801
2024-08-08 10:02:48,192.168.1.10,192.168.1.20,144,42,205,1.8480835182148663,1,12.285346001113755,2.7721252773222993,0.5,5.5,84.4278747226777
2024-08-08 10:02:49,192.168.1.10,192.168.1.20,156,34,172,0.47223306623480865,1,18.290091684072554,0.708349599352213,0.5,2.2,89.79165040064778
2024-08-08 10:02:50,192.168.1.10,192.168.1.20,156,47,199,1.5199108178751712,1,27.27036281225914,2.2798662268127567,0.5,4.9,85.52013377318724
2024-08-08 10:02:51,192.168.1.10,192.168.1.20,156,53,201,1.062531507947068,1,28.459204635969698,1.593797261920602,0.5,5.1,86.00620273807941
2024-08-08 10:02:52,192.168.1.10,192.168.1.20,141,21,168,1.4410321227829297,1,19.314002446376264,2.1615481841743946,0.0,1.8,89.23845181582561
2024-08-08 10:02:53,192.168.1.10,192.168.1.20,141,51,209,0.1246827250224829,1,19.616739561781472,0.18702408753372435,0.5,5.9,86.61297591246627
2024-08-08 10:02:54,192.168.1.10,192.168.1.20,144,42,186,0.2954781838124534,1,28.369094498786023,0.4432172757186801,0.5,3.6,88.65678272428133
2024-08-08 10:02:55,192.168.1.10,192.168.1.20,140,41,225,0.2662338571749565,1,21.741364482731345,0.39935078576243477,0.5,7.5,84.80064921423757
2024-08-08 10:02:56,192.168.1.10,192.168.1.20,140,44,164,1.3743310108066622,1,10.656933404868767,2.0614965162099934,0.5,1.4,89.23850348379
2024-08-08 10:02:57,192.168.1.10,192.168.1.20,158,41,188,1.6888813452672575,1,28.254989257582576,2.533322017900886,0.5,3.8,86.36667798209912
2024-08-08 10:02:58,192.168.1.10,192.168.1.20,141,41,196,1.4992324640171748,1,14.964528855143037,2.248848696025762,0.5,4.6,85.85115130397425
2024-08-08 10:02:59,192.168.1.10,192.168.1.20,151,68,197,0.06094430546718832,1,21.552639081830947,0.09141645820078248,1.0,4.7,87.40858354179922
2024-08-08 10:03:00,192.168.1.10,192.168.1.20,145,61,242,1.7344299621494466,1,13.310266348559477,2.6016449432241697,1.0,9.2,80.39835505677583
2024-08-08 10:03:01,192.168.1.10,192.168.1.20,143,25,167,0.7082933415862509,1,10.6775832049319,1.0624400123793762,0.0,1.7,90.43755998762062
2024-08-08 10:03:02,192.168.1.10,192.168.1.20,150,34,224,0.794327665008165,1,16.229463422655147,1.1914914975122475,0.5,7.4,84.10850850248775
2024-08-08 10:03:03,192.168.1.10,192.168.1.20,156,62,245,0.2097383330649618,1,25.609914150921753,0.3146074995974427,1.0,9.5,82.38539250040256
2024-08-08 10:03:04,192.168.1.10,192.168.1.20,145,56,176,1.4748104121876382,1,15.551743452588362,2.212215618281457,0.5,2.6,87.88778438171855
2024-08-08 10:03:05,192.168.1.10,192.168.1.20,144,52,230,0.3645677569519161,1,14.40194428162194,0.5468516354278742,0.5,8.0,84.15314836457213
2024-08-08 10:03:06,192.168.1.10,192.168.1.20,159,27,248,1.1279301840376728,1,14.253615686824526,1.6918952760565091,0.0,9.8,81.70810472394349
2024-08-08 10:03:07,192.168.1.10,192.168.1.20,141,63,204,1.6814199717558622,1,20.303473648136254,2.522129957633793,1.0,5.4,84.2778700423662
2024-08-08 10:03:08,192.168.1.10,192.168.1.20,145,63,163,0.17840865742411238,1,29.510826313655127,0.2676129861361686,1.0,1.3,90.63238701386383
2024-08-08 10:03:09,192.168.1.10,192.168.1.20,150,24,195,1.070671128031047,1,19.17977976034026,1.6060066920465705,0.0,4.5,87.09399330795343
2024-08-08 10:03:10,192.168.1.10,192.168.1.20,155,58,229,0.46643282309960243,1,21.14610737780096,0.6996492346494037,0.5,7.9,84.1003507653506
2024-08-08 10:03:11,192.168.1.10,192.168.1.20,155,23,190,0.6858537285565205,1,27.212640357814678,1.0287805928347806,0.0,4.0,88.17121940716522
2024-08-08 10:03:12,192.168.1.10,192.168.1.20,140,25,178,0.9479398828611123,1,20.70139437867317,1.4219098242916686,0.0,2.8,88.97809017570833
2024-08-08 10:03:13,192.168.1.10,192.168.1.20,148,64,220,0.7102086065586095,1,13.689257428377122,1.0653129098379144,1.0,7.0,84.13468709016209
2024-08-08 10:03:14,192.168.1.10,192.168.1.20,145,51,213,1.297645680583152,1,15.99191823532954,1.946468520874728,0.5,6.3,84.45353147912527
2024-08-08 10:03:15,192.168.1.10,192.168.1.20,155,49,198,0.9591642035085004,1,16.198738525372217,1.4387463052627507,0.5,4.8,86.46125369473725
2024-08-08 10:03:16,192.168.1.10,192.168.1.20,142,66,233,1.1683989694283385,1,17.946362309151958,1.752598454142508,1.0,8.3,82.14740154585749
2024-08-08 10:03:17,192.168.1.10,192.168.1.20,159,54,249,1.4736449507898257,1,18.535778106734988,2.2104674261847386,0.5,9.9,80.58953257381526
2024-08-08 10:03:18,192.168.1.10,192.168.1.20,143,59,178,1.1154845319008748,1,25.99564044148539,1.6732267978513122,0.5,2.8,88.22677320214869
2024-08-08 10:03:19,192.168.1.10,192.168.1.20,158,35,198,1.1730708693215182,1,16.98773998098666,1.7596063039822774,0.5,4.8,86.14039369601772
